,heart_rate,speed,jump_height,endurance,strength,player_efficiency,training_effectiveness
heart_rate,1.0,0.01912050960663576,-0.03860292426749032,0.0067022003539601955,-0.06200594228674672,0.034669402394671034,-0.043692820390746165
speed,0.019120509606635756,0.9999999999999998,-0.004230391322262111,0.04195645655166723,-0.08384330767320211,-0.04105482243253731,-0.07573976088119723
jump_height,-0.03860292426749031,-0.004230391322262111,1.0,0.04497124787980653,-0.024686558740014988,0.09129634242387134,0.0027997348274843964
endurance,0.0067022003539601955,0.04195645655166723,0.04497124787980653,1.0,-0.009508277392570905,0.03743950882501938,0.023399517713504923
strength,-0.062005942286746725,-0.08384330767320211,-0.024686558740014984,-0.009508277392570904,1.0,-0.03640793103178145,0.7881252082689827
player_efficiency,0.034669402394671034,-0.0410548224325373,0.09129634242387134,0.03743950882501938,-0.03640793103178145,1.0,0.07856510798573955
training_effectiveness,-0.043692820390746165,-0.07573976088119722,0.002799734827484396,0.023399517713504923,0.7881252082689827,0.07856510798573955,1.0
